,"10406 Tucker St, Beltsville, MD 20705 USA",7900 E NALLEY RD HYATTSVILLE MD 20785-4607 USA ,7800 CHICAGO AVE SILVER SPRING MD 20910-4938 USA ,1824 STEVEN DR EDGEWOOD MD 21040-1221 USA ,1925 CAPE HORN RD HAMPSTEAD MD 21074-1127 USA ,15700 FALLS RD SPARKS GLENCOE MD 21152-9582 USA ,PO BOX 11980 GWYNN OAK MD 21207-0980 USA ,8620 KELSO DR ESSEX MD 21221-7507 USA ,7920 DUNHILL VILLAGE CIR WINDSOR MILL MD 21244-4117 USA ,24450 MCINTOSH RD HOLLYWOOD MD 20636-2209 USA ,6001 SOLOMONS ISLAND RD HUNTINGTOWN MD 20639-8876 USA ,501 HARWOOD RD HARWOOD MD 20776-9518 USA ,12601 LLOYDMINSTER DR NORTH POTOMAC MD 20878-3424 USA ,10900 CARTWRIGHT PL NORTH POTOMAC MD 20878-4377 USA ,1113 MAIN ST DARLINGTON MD 21034-9603 USA ,10726 FAULKNER RIDGE CIR COLUMBIA MD 21044-2236 USA ,100 RIVER RD PASADENA MD 21122-4219 USA ,141 W MAIN ST WESTMINSTER MD 21157-6454 USA ,47700 PARK HALL RD PARK HALL MD 20667-2707 USA ,9536 MUIRKIRK RD LAUREL MD 20708-3076 USA ,6612 RONALD RD CAPITOL HEIGHTS MD 20743-4439 USA ,16000 KRUHM RD BURTONSVILLE MD 20866-1400 USA ,8620 COBBLEFIELD DR COLUMBIA MD 21045-5714 USA ,301 ROSSITER AVE BALTIMORE MD 21212-4420 USA ,2624 SAINT PAUL ST BALTIMORE MD 21218-4536 USA ,200 3RD AVE BROOKLYN MD 21225-2720 USA ,14420 BRANT RD CUMBERLAND MD 21502-5729 USA ,3209 RHODE ISLAND AVE MOUNT RAINIER MD 20712-2038 USA ,4000 TERRYTOWN CT UPPER MARLBORO MD 20772-3442 USA ,19016 MILLS CHOICE RD MONTGOMERY VILLAGE MD 20886-3826 USA ,600 HEDGEROW CT FREDERICK MD 21703-2250 USA ,14700 SUSAN MARIE WAY WOODBINE MD 21797-8614 USA ,1200 BURGUNDY ST BALTIMORE MD 21230-4567 USA ,1430 MERRITT BLVD DUNDALK MD 21222-2158 USA ,101 SOARING EAGLE LN KEEDYSVILLE MD 21756-1215 USA ,3043 BRINKLEY RD TEMPLE HILLS MD 20748-6104 USA ,2700 BASINGSTOKE LN BRYANS ROAD MD 20616-7002 USA ,2301 BEAVER DAM RD CHESAPEAKE BEACH MD 20732-4301 USA ,534 WILSON BRIDGE DR OXON HILL MD 20745-1864 USA ,101 RESEARCH RD GREENBELT MD 20770-1762 USA ,7201 CONNECTICUT AVE CHEVY CHASE MD 20815-4931 USA ,11800 OLD GEORGETOWN RD ROCKVILLE MD 20852-2657 USA ,14345 GEORGIA AVE SILVER SPRING MD 20906-2758 USA ,3846 FLAG CT ABERDEEN PROVING GROUND MD 21005-1768 USA ,4501 WAKEFIELD RD BALTIMORE MD 21216-1185 USA ,27600 MECHANICSVILLE RD MECHANICSVILLE MD 20659-4241 USA ,7808 BRAYGREEN RD LAUREL MD 20707-5165 USA ,2600 BEAVER DAM RD CHESAPEAKE BEACH MD 20732-4306 USA ,4917 FABLE ST CAPITOL HEIGHTS MD 20743-3918 USA ,10500 NICKELBY WAY DAMASCUS MD 20872-2712 USA ,1201 SMITH VILLAGE RD SILVER SPRING MD 20904-3135 USA ,603 CRANBROOK RD COCKEYSVILLE MD 21030-3809 USA ,1622 HARDWICK CT HANOVER MD 21076-1983 USA ,6600 LOCH HILL RD LOCH HILL MD 21239-1644 USA ,37740 INDIAN CREEK DR CHARLOTTE HALL MD 20622-3154 USA ,21700 GALATEA ST LEXINGTON PARK MD 20653-2551 USA ,PO BOX 1201 UPPER MARLBORO MD 20773-1201 USA ,8811 GLENVILLE RD SILVER SPRING MD 20901-3859 USA ,8601 ROBERT FULTON DR COLUMBIA MD 21046-2573 USA ,6606 SHELRICK PL BALTIMORE MD 21209-2641 USA ,230 STONY RUN LN BALTIMORE MD 21210-3062 USA ,5700 REISTERSTOWN RD BALTIMORE MD 21215-3422 USA ,3704 W SARATOGA ST BALTIMORE MD 21229-2979 USA ,10910 CHARLES ST LA PLATA MD 20646-6422 USA ,6357B 64TH AVE RIVERDALE MD 20737-1531 USA ,611 ROCKVILLE PIKE ROCKVILLE MD 20852-6204 USA ,23600 ELI LN GAITHERSBURG MD 20882-3022 USA ,8401 MANCHESTER RD SILVER SPRING MD 20901-6000 USA ,2001 CRADOCK ST SILVER SPRING MD 20905-4207 USA ,2705 RIVA RD ANNAPOLIS MD 21401-7203 USA ,300 BROAD ST BERLIN MD 21811-1020 USA ,30630 UMES BLVD PRINCESS ANNE MD 21853-3044 USA ,12001 HG TRUEMAN RD LUSBY MD 20657-2900 USA ,4800 WEBSTER ST BLADENSBURG MD 20710-1124 USA ,11409 SCHUYLKILL RD ROCKVILLE MD 20852-2460 USA ,5601 WHITNEY MILL WAY ROCKVILLE MD 20852-3141 USA ,321 UNIVERSITY BLVD SILVER SPRING MD 20901-1963 USA ,3500 NICHOLSON RD WESTMINSTER MD 21157-8238 USA ,2907 RUECKERT AVE BALTIMORE MD 21214-2563 USA ,1160 SPA RD ANNAPOLIS MD 21403-1008 USA ,570 BELLERIVE RD ANNAPOLIS MD 21409-4235 USA ,6701 WALKER BRANCH DR LAUREL MD 20707-3245 USA ,5433 TAYLOR ST BLADENSBURG MD 20710-1574 USA ,PO BOX 121 UPPER MARLBORO MD 20773-0121 USA ,8001 POWHATAN ST NEW CARROLLTON MD 20784-3533 USA ,18800 ROLLING ACRES WAY OLNEY MD 20832-1323 USA ,901 DUMBARTON RD GLEN BURNIE MD 21060-7007 USA ,101 BROADWAY AVE GLEN BURNIE MD 21061-2732 USA ,16 W MOUNT VERNON PL BALTIMORE MD 21201-5124 USA ,1 FERNSELL CT ROSEDALE MD 21237-2416 USA ,4113 GLENN DALE RD BOWIE MD 20720-3579 USA ,6800 HOLLY BERRY CT DISTRICT HEIGHTS MD 20747-3253 USA ,7105 NEW HAMPSHIRE AVE TAKOMA PARK MD 20912-5812 USA ,1482 GRANDVIEW CT ARNOLD MD 21012-2445 USA ,206 WATER FOUNTAIN CT GLEN BURNIE MD 21060-2479 USA ,240 N CENTRE ST CUMBERLAND MD 21502-2262 USA ,300 MEADOW MOUNTAIN TRL SWANTON MD 21561-2416 USA ,201 MADISON ST FREDERICK MD 21701-6564 USA ,12101 BIG POOL RD CLEAR SPRING MD 21722-1840 USA ,9401 DUBARRY AVE LANHAM MD 20706-3013 USA
"10406 Tucker St, Beltsville, MD 20705 USA",,19055,13468,77794,91866,80221,57667,63759,54477,99189,61332,40512,41881,35616,109772,34755,47955,90668,121266,9679,24656,14355,31667,55564,52142,39524,226165,18772,39129,40797,76033,57947,41862,58913,100276,36870,61489,65225,39202,5225,18806,22207,25744,97354,54925,82324,8286,65341,24590,53471,10485,75256,25633,69171,73107,118387,32007,10898,30935,64929,54490,58758,44945,74882,10316,29294,45447,11394,14026,40904,219067,210752,100361,11711,21368,21373,10364,73448,63078,43620,51610,17814,12992,32007,11177,30499,44005,38652,48975,59762,18348,26697,12198,49021,41414,214762,271116,73716,133369,12383
7900 E NALLEY RD HYATTSVILLE MD 20785-4607 USA ,18484,,29960,90157,103041,91395,68842,71974,65652,86341,48483,27545,58372,52107,122135,48757,54674,101843,108417,23427,4936,38773,47526,63867,59813,51887,242657,11415,25368,57288,92524,71949,54225,67127,116768,24021,48640,52377,26354,17021,35297,38699,45016,109717,66099,69475,26586,52492,6516,69963,31134,86431,37996,81534,60259,105539,18004,27389,47426,76103,62160,69933,56137,62034,18626,45786,64719,27885,37076,36628,214791,206476,87513,11235,37860,37864,26855,87450,71292,39344,47334,34305,9697,18004,11255,49771,56368,51015,56725,72126,12158,8089,28732,44744,53777,231253,287607,90208,149860,11583
7800 CHICAGO AVE SILVER SPRING MD 20910-4938 USA ,14215,30208,,90054,98684,87039,64485,70577,61295,110342,72484,51665,34047,27783,122032,33409,63063,97486,132419,27708,35809,20137,38485,62382,58960,55448,218332,8610,50282,32963,68199,64765,52950,65731,92443,48023,50877,76378,28590,18110,6399,14374,13984,109614,61743,93476,21816,76494,35743,45638,13536,82074,43551,81431,84260,129540,43159,3815,37753,71746,61307,65576,51763,86035,21469,21461,44065,2517,18020,52057,230220,221905,111514,11143,10622,13539,5416,80266,69896,54773,62763,24632,24145,43159,22330,27008,59929,53760,55793,72022,29501,37850,3357,60173,57338,206929,263282,65883,125536,23536
1824 STEVEN DR EDGEWOOD MD 21040-1221 USA ,78597,91702,90039,,75838,57590,51255,20814,51031,171836,114291,89863,111683,107835,36800,70527,63425,81913,179933,69700,97303,77706,59286,38147,35535,40188,270764,91079,89551,109549,120655,80439,41318,31089,144875,109517,130136,117510,107849,79473,95377,98778,90531,19509,50252,154971,72859,117626,97237,104202,81896,40344,57144,33047,145755,177055,90501,87469,61495,44968,39786,49803,45847,147529,82623,98866,106645,87965,79368,74916,238825,244766,153321,87007,97939,97944,86935,78133,29932,77632,72527,73238,85299,90501,83824,95286,48313,47278,35096,24365,85347,99344,88812,70475,45439,259361,315714,115104,177968,85030
1925 CAPE HORN RD HAMPSTEAD MD 21074-1127 USA ,88897,102477,96513,75406,,20135,42861,59150,38596,182612,129589,105161,76543,78316,77435,62134,78082,12119,195231,80475,108079,76758,61717,55997,57004,61522,219986,101854,104848,67919,69877,40278,59113,64440,94097,120292,140911,132808,118624,90248,101851,105252,68259,94965,44888,165746,83176,132923,108013,53247,81901,35137,67919,49518,156530,192352,105799,93943,67969,44584,54951,43952,51277,158305,93398,73425,55690,94439,78420,90213,268379,260064,168618,97783,75587,104418,93409,23227,54677,92930,87184,79712,96074,105799,94600,60931,66003,62576,58901,57716,96123,110120,95286,85132,63413,208582,264936,64326,127189,95805
15700 FALLS RD SPARKS GLENCOE MD 21152-9582 USA ,77698,91278,85314,57109,20085,,30518,40853,27397,171413,118390,93962,100372,96524,63302,50935,66883,29105,184032,69276,96880,65559,50518,30368,31654,54985,248652,90655,93650,98238,98543,58327,35485,46143,122763,109093,129712,121609,107425,79049,90652,94053,79220,76668,32012,154547,71977,121724,96814,82090,70702,16840,56720,31221,145331,181153,94600,82744,56770,24086,29602,29066,37000,147106,82199,87555,84533,83240,67221,79014,257180,248865,157419,86584,93214,93219,82210,32143,36380,81731,75985,68513,84876,94600,83401,77153,54804,51377,33552,39419,84924,98921,84087,73933,52214,237248,293602,92992,155855,84606
PO BOX 11980 GWYNN OAK MD 21207-0980 USA ,56003,69583,63619,55162,43247,31601,,38906,5520,149718,96694,72267,78677,74829,87139,29240,45187,42049,162337,47581,75184,43864,28822,12888,8733,28628,226957,68960,71954,76542,76848,36632,12455,44196,101068,87398,108017,99913,85730,57354,68956,72358,57525,74721,2878,132852,50282,100029,75119,60395,49006,26637,35025,14487,123636,159458,72905,61049,35075,7938,8970,3606,7496,125410,60504,65860,62838,61544,45526,57319,235485,227170,135724,64888,71519,71523,60515,38269,16061,60035,54290,46818,63180,72905,61705,55458,33109,29682,9499,37472,63228,77225,62391,52238,30518,215553,271907,71297,134160,62911
8620 KELSO DR ESSEX MD 21221-7507 USA ,62103,75208,70310,20758,59511,41263,34928,,34704,155342,97797,73369,91954,88106,57086,50798,46931,65586,163439,53206,80809,57977,39556,21820,16088,23694,251035,74585,73057,89819,100926,60710,21589,10455,125146,93023,113642,101016,91355,62979,75647,79049,70802,44668,30522,138477,56365,101132,80743,84473,62167,24017,40649,16720,129260,160561,74007,67740,41766,28640,23458,33476,26118,131035,66129,79137,86916,68235,59639,58421,236587,228272,136827,70513,78210,78214,67206,61806,10104,61138,56033,53509,68805,74007,67330,75557,31819,30784,14819,4190,68853,82850,69082,53981,28945,239631,295985,95375,158238,68536
7920 DUNHILL VILLAGE CIR WINDSOR MILL MD 21244-4117 USA ,51699,65279,59315,51843,39927,28282,5545,35587,,145414,92391,67963,74374,70526,83820,24936,40884,38729,158033,43277,70881,39561,24519,24403,25410,24325,222653,64656,67651,72239,72544,32328,21915,34696,96764,83094,103713,95610,81426,53051,64653,68054,53221,71402,7572,128548,45978,95726,70815,56091,44703,23318,30721,25955,119332,155155,68601,56745,30771,7838,23357,6636,14079,121107,56200,61556,58534,57241,41222,53015,231181,222866,131421,60585,67215,67220,56211,34950,31114,55732,49986,42514,58877,68601,57402,51154,28805,25378,27307,34152,58925,72922,58088,47934,26215,211250,267603,66993,129857,58608
24450 MCINTOSH RD HOLLYWOOD MD 20636-2209 USA ,97435,85631,108911,169109,181992,170347,147793,150925,144603,,64296,88790,137323,131059,201086,127708,123058,180794,27150,102378,81127,117725,126477,142818,138764,130839,321608,98874,78122,136239,171475,150900,133176,146079,195719,71913,63392,70689,79283,95972,114249,117650,123967,188668,145051,21271,105538,70805,79493,148914,110086,165382,116948,160485,26930,27468,72257,106341,126378,155055,141111,148884,135088,38828,97577,124737,143670,106836,116027,98859,283175,274860,25677,97988,116811,116815,105807,166402,150244,107728,115718,113257,93807,72257,90206,128722,135319,117211,135676,151077,91470,77447,107683,113128,132729,310205,366558,169159,228812,90534
6001 SOLOMONS ISLAND RD HUNTINGTOWN MD 20639-8876 USA ,59825,48021,71301,112527,128552,116907,94353,92751,91163,64905,,28693,99713,93449,144505,90098,59525,127354,66455,64768,43179,80115,88867,89662,85608,74323,283998,61264,28164,98629,133865,113290,80020,86389,158109,49991,74610,10881,52323,58362,76638,80040,86357,132087,91611,48126,67928,10996,44260,111304,72476,111943,79337,103904,38909,63576,25844,68731,88768,101615,87955,95444,81809,52001,59967,87127,106060,69226,78417,41398,219642,211327,39842,60378,79201,79205,68197,123575,92228,42607,52186,75647,56197,25844,52596,91112,70665,67330,82520,94495,42339,39499,70073,49596,73736,272595,328948,131549,191202,52924
501 HARWOOD RD HARWOOD MD 20776-9518 USA ,40464,26938,51940,89862,105887,94242,71688,70086,68498,93010,28916,,80353,74088,121839,64172,40860,104689,94559,37147,28636,60754,59083,66997,62943,51658,264637,41557,20339,79269,114505,89532,57355,63724,138748,42383,67002,32136,44715,39002,57278,60679,66997,109422,68946,72367,40306,32251,29650,91943,53115,89278,46188,81239,63151,91680,18236,49370,59498,78950,65290,72779,59144,64925,35926,67766,86700,49866,59056,14410,200977,192662,67946,40672,59840,59845,48836,100910,69563,19785,33520,56286,36491,18236,33235,71752,48000,44665,59855,71830,23601,31891,50713,30930,51070,253234,309588,112188,171841,33563
12601 LLOYDMINSTER DR NORTH POTOMAC MD 20878-3424 USA ,40316,56309,31722,111323,75436,101202,77298,91846,75458,136443,98585,77766,,7559,143301,54640,84332,64467,158520,45835,61910,39259,57937,83651,80229,76717,196531,56025,76383,11135,46398,50002,74219,87000,70642,69678,89582,102479,67295,44211,26996,19333,24884,130883,76116,119577,43382,102595,61844,23211,32923,96238,64820,98875,110361,155641,69261,33020,59022,85910,82576,79739,73032,112136,47570,13769,22004,32750,34493,78158,256321,248006,137615,51954,21159,20281,31742,70534,91165,80874,88864,43296,50246,69261,48431,28036,81198,75029,77062,93291,55602,63951,36492,86274,78607,185127,241481,44081,103734,49637
10900 CARTWRIGHT PL NORTH POTOMAC MD 20878-4377 USA ,35582,51575,26988,107467,78372,97346,73442,87990,71602,131709,93852,73032,7554,,139444,50784,80476,67403,153786,41979,57176,35402,54081,79795,76373,72861,198842,51292,71650,13461,48709,46146,70363,83143,72953,64944,84848,97745,62561,39477,22262,14599,21028,127026,72260,114844,39526,97861,57110,26148,29066,92381,60964,95019,105628,150907,64527,28286,55165,82054,78720,75883,69175,107402,42836,9036,24239,28016,30636,73424,251587,243272,132882,47220,16425,15547,27009,66677,87308,76140,84131,39440,45512,64527,43697,24180,77341,71173,73205,89435,50868,59217,31758,81541,74751,187438,243792,46393,106045,44903
1113 MAIN ST DARLINGTON MD 21034-9603 USA ,109982,123088,121425,36429,77347,63293,82641,57185,82417,203222,145677,121249,143069,139221,,101913,94811,113299,211319,101086,128689,109092,90672,69533,66921,71574,302150,122465,120937,140935,152041,111825,72704,62474,176261,140903,161522,148896,139235,110859,126763,130164,121917,20243,81637,186357,104245,149011,128623,135588,113282,51668,88529,64433,177140,208440,121887,118855,92881,76353,71171,81189,77233,178915,114009,130252,138031,119351,110754,106301,227015,249293,184706,118393,129325,129330,118321,109519,61318,109018,103913,104624,116685,121887,115210,126672,79699,78664,66481,55750,116733,130730,120198,101861,76825,290746,347100,146490,209353,116416
10726 FAULKNER RIDGE CIR COLUMBIA MD 21044-2236 USA ,31866,50338,39482,69087,64011,52366,28462,49610,26623,130473,92615,64179,53828,49980,101065,,43912,62814,152549,26870,55940,19015,8810,48487,33792,35800,217208,48249,63129,51694,67099,26883,31983,44764,91319,68153,87306,96509,65019,36643,44820,48221,32676,88647,27280,113607,26145,96625,55874,39864,24157,47402,24400,50039,104391,149671,63290,36912,10538,37074,47441,30903,28298,106166,39793,41011,35100,37407,20677,49232,227397,219082,131645,44178,35776,47387,28822,42238,48929,51948,59941,22681,42469,63290,42461,22932,40281,34609,34826,51055,42517,57981,38254,57351,37690,205805,262158,61548,124412,43667
100 RIVER RD PASADENA MD 21122-4219 USA ,48547,55104,62887,62655,78681,67036,44482,42879,41292,123709,62112,40638,84531,80683,94633,43125,,77483,127754,39650,60706,50554,31884,39790,35736,21314,251261,61029,50608,82396,101153,60937,30148,36517,125373,72919,97539,65331,75252,49423,68224,71626,63379,82215,41740,106844,42810,65447,60640,84700,54743,62071,22796,54032,97627,124876,51558,60317,34343,51743,38083,45573,31937,99402,52573,71714,72792,60812,52216,22737,186493,178178,101142,56958,70787,70791,59783,73703,42356,20831,14368,46086,55249,51558,53775,68134,14159,17458,32648,44624,50000,62747,61659,12316,16358,239858,296212,95602,158465,50868
141 W MAIN ST WESTMINSTER MD 21157-6454 USA ,87544,101124,95160,82083,12083,29119,41508,65828,37242,181258,128235,103808,65468,67240,114061,60781,76728,,193877,79122,106725,69913,60363,54643,55650,60169,208910,100501,103495,56843,52273,30319,57760,71117,83021,118939,139558,131454,117271,88895,100497,66160,58299,101643,43535,164393,81823,131570,106659,42171,75055,41919,66566,56196,155177,190999,104445,92589,66615,43231,53598,42599,49924,156951,92045,63465,44614,93085,60652,88860,267026,258711,167265,96429,65627,76560,92055,13268,61354,91576,85830,78359,94721,104445,93246,50972,64650,61222,57548,64393,94769,108766,93932,83778,62059,197507,253860,53250,116114,94452
47700 PARK HALL RD PARK HALL MD 20667-2707 USA ,119504,107700,130980,178283,204061,192416,169862,158507,166672,27139,65756,94449,159393,153128,210260,149777,125281,202863,,124447,103197,139794,148546,164888,160833,152908,343677,120943,93920,158309,193545,172969,155246,152145,217788,93982,89330,72149,101353,118042,136318,139719,146037,197843,167120,43340,127607,72265,101563,170983,132155,187452,139017,169660,49000,7419,91600,128410,148447,177124,163180,170953,157157,60897,119646,146806,165740,128906,138096,107154,285398,277083,27137,120058,138880,138885,127876,188471,157984,108363,117942,135326,115876,91600,112275,150792,136421,133086,157745,160251,108095,99516,129753,115352,139491,332274,388628,191228,250881,112603
9536 MUIRKIRK RD LAUREL MD 20708-3076 USA ,9681,23987,26541,70327,83210,71565,49011,52143,45821,104122,66264,36971,46100,42252,102304,28926,40488,82012,126198,,29588,18669,27695,44036,39982,32057,229346,23364,34308,43965,79213,52118,34394,47297,103457,41802,62421,70158,40134,11758,31879,35280,24948,89886,46269,87256,4469,70273,29523,56652,16312,66600,18166,61703,78040,123320,36939,23971,24252,56273,42329,50102,36306,79814,14908,33283,44651,24467,17007,40993,219159,210844,105294,19293,34441,34446,23437,67620,51462,43709,51702,14618,17584,36939,16109,29703,36537,31185,36894,52295,17632,31629,25314,49112,33947,217942,274296,76897,136549,17315
6612 RONALD RD CAPITOL HEIGHTS MD 20743-4439 USA ,24782,4936,36258,96456,109339,97694,75140,78272,71950,83434,41389,29252,64670,58406,128433,55055,60972,108141,105510,29725,,45072,53824,70165,66111,58186,248955,12539,23518,63586,98822,78247,60523,73426,123066,21114,45733,45282,23446,23319,41595,44997,51314,116015,72398,66568,32885,45398,4497,76261,37433,92729,44295,87832,57352,102632,15998,33688,53725,82402,68458,76231,62435,59127,13752,52084,71017,34183,43374,42926,221089,212774,80418,10545,44158,44162,33154,93749,77591,45642,53632,40604,11136,15998,17553,56069,62666,57313,63023,78424,18061,3998,21310,51042,60076,237552,293905,96506,156159,17881
16000 KRUHM RD BURTONSVILLE MD 20866-1400 USA ,15622,37678,20891,77707,77884,66239,42335,58230,40496,117812,79955,59135,37063,33215,109685,19677,50716,69326,139889,18162,43279,,22975,50035,46613,43101,220309,37395,57753,34929,70177,43197,40603,53384,94420,55493,80112,83848,57825,25580,24976,21695,15519,97267,41153,100947,13836,83964,43213,34289,10761,61275,31204,63912,91730,137010,50630,24251,19718,50947,48960,44776,39416,93505,28939,20685,30464,18889,4674,55287,233453,225138,118984,33323,21162,27543,16141,58699,57549,58003,65996,8334,31615,50630,29800,15581,47582,41413,43446,59675,36971,45320,25594,63406,44991,208906,265260,67860,127513,31006
8620 COBBLEFIELD DR COLUMBIA MD 21045-5714 USA ,29672,48145,37288,59168,62883,51238,27334,39691,25494,128279,90421,58581,58932,55084,91146,8700,31889,61685,150356,25268,53746,23653,,31496,28074,23777,222657,46647,58268,56798,72548,32332,22064,34845,96768,65960,85704,86227,63417,35041,42626,46027,37780,78728,26152,111413,23951,86343,53680,56096,28795,46273,12377,48910,102197,147477,61096,34718,5101,35945,30421,29775,20877,103972,38191,46115,44179,35214,25314,43633,221799,213484,129451,42576,45188,45193,34184,52864,39010,46349,40991,20487,40867,61096,40267,32012,28258,22586,24907,41136,40916,55787,36061,38940,25668,211254,267607,66997,129861,41473
301 ROSSITER AVE BALTIMORE MD 21212-4420 USA ,50911,64016,61549,37716,56561,31201,9826,21460,24481,144150,96020,71593,83193,79345,69693,48019,45154,55363,161663,42014,69617,49216,30796,,4146,21917,245736,63393,71280,81059,95627,55411,9644,15373,119847,81831,102450,99239,80163,51787,66887,70288,62041,57275,9766,127285,45174,99355,69551,79174,53406,15107,29458,5398,118069,158784,72231,58979,33005,10155,3121,9880,12399,119843,54937,70376,81617,59475,50878,56645,234811,226496,135050,59321,69449,69454,58445,51583,5231,59361,54256,44748,57613,72231,56138,74237,30043,29008,6901,11641,57661,71658,60322,52204,27168,234333,290686,90076,152940,57344
2624 SAINT PAUL ST BALTIMORE MD 21218-4536 USA ,46808,59913,57388,34770,58470,32271,8996,15589,26391,140048,87294,62867,79032,75184,66747,37876,35787,57272,152936,37911,65515,45055,26635,4650,,11688,230319,59290,62554,76898,80210,39994,5542,12780,104430,77728,98347,90513,76060,47685,62726,66127,57880,54329,8599,123182,41071,90629,65449,63758,49245,24343,25355,7948,113966,150058,63504,54818,28844,12371,3249,12606,8296,115741,50834,66215,66200,55314,46717,47919,226085,217770,126324,55219,65288,65293,54284,53493,6563,50635,44889,40587,53511,63504,52036,62635,23709,20281,2740,12020,53559,67556,56161,42837,21118,218916,275269,74660,137523,53242
200 3RD AVE BROOKLYN MD 21225-2720 USA ,39412,52517,55197,39472,61531,55391,27332,19696,24142,132651,76123,51695,76841,72993,71449,34307,22524,60333,141765,30515,58118,42864,23066,15734,12312,,235500,51894,51383,74707,85391,45175,6586,13334,109611,70332,90951,79342,68664,40288,60535,63936,55689,59031,24589,115786,33674,79458,58052,68938,47054,38145,17958,30848,106569,138887,52333,52627,26653,34593,14659,28423,12365,108344,43438,64024,71381,53123,44526,36748,214913,206599,115153,47822,63097,63102,52093,56553,19172,39464,31627,38396,46114,52333,44639,60444,10446,9110,9144,21440,46162,60159,53970,29575,5211,224096,280450,79840,142704,45845
14420 BRANT RD CUMBERLAND MD 21502-5729 USA ,226279,242272,217686,270983,219955,249042,225138,250743,223299,322407,284549,263729,195731,197503,302961,221797,250316,208986,344483,229200,247874,222624,221379,245163,230468,235525,,241989,262347,190713,153165,192833,233116,245896,137845,255642,275545,288443,253258,230175,212959,205304,208249,290543,223956,305541,226748,288558,247808,190608,216288,244078,230804,246715,296325,341605,255224,218983,226164,233750,244117,227579,224974,298100,233533,200516,193051,218713,217858,261733,439898,431583,323579,237918,207131,206823,217706,211357,251874,264449,259418,226662,236209,255224,234395,211402,240006,236579,235958,254912,241565,249914,222455,257366,237415,13458,58368,157407,95403,235600
3209 RHODE ISLAND AVE MOUNT RAINIER MD 20712-2038 USA ,17586,12891,9811,88938,101821,90176,67622,70755,64432,95079,57221,39973,57474,51209,120916,47537,59099,100623,117155,22207,12447,37875,46307,62648,58593,50668,241759,,38591,56390,91626,70730,53006,65908,115870,28246,48106,61115,25819,16123,13989,37801,44118,108498,64880,78213,25367,61230,11111,69065,20112,85212,36777,80315,68997,114277,26540,9661,42864,74884,60940,68713,54917,70771,7304,44888,63821,10531,36178,40365,218528,210213,96251,2988,36962,36966,12816,86231,70073,43082,51072,33408,4043,26540,10927,48873,55149,49796,55505,70906,17809,22586,7421,48482,52558,230355,286709,89310,148962,15484
4000 TERRYTOWN CT UPPER MARLBORO MD 20772-3442 USA ,39142,25443,50618,89360,105386,93740,71187,69584,67997,78262,28627,19687,79030,72766,121338,63948,50010,104188,94269,34244,24895,59432,58581,66495,62441,51156,263315,40235,,77946,113182,89030,56853,63222,137426,31706,48968,32520,34038,37679,55956,59357,65674,108920,68444,61397,37404,32636,25975,90621,51793,88776,45965,80737,52181,91390,6112,48048,59274,78448,64788,72278,58642,53955,34604,66444,85378,48543,57734,25811,210127,201812,67656,39350,58518,58522,47514,100408,69061,34680,42670,54964,35168,6112,31913,70429,47499,44163,59353,71328,22106,21214,49390,40081,50569,251912,308265,110866,170519,32241
19016 MILLS CHOICE RD MONTGOMERY VILLAGE MD 20886-3826 USA ,41511,57504,32918,109921,67252,86774,62870,90444,61030,137639,99781,78961,11321,12735,141898,53238,82930,56283,159715,44432,63106,37856,56535,82248,78827,75314,190924,57221,77579,,40791,33012,72817,85597,65035,70874,90777,103675,68490,45407,28191,20536,23481,129480,61688,120773,41980,103790,63040,14681,31520,81810,63418,84447,111557,156837,70456,34215,57619,71482,81174,65311,71629,113332,48765,15748,11962,33945,33090,79353,257516,249202,138811,53150,22363,22055,32938,53544,89762,82070,90060,41894,51441,70456,49627,16992,79795,73627,75659,91889,56798,65146,37687,87470,77204,179521,235874,38475,98128,50832
600 HEDGEROW CT FREDERICK MD 21703-2250 USA ,76672,92664,68078,121375,70347,99434,75530,101135,73691,172799,134941,114121,46123,47895,153353,72189,100708,59378,194875,79592,98266,73016,71771,95555,80860,85917,153356,92381,112739,41105,,43226,83508,96288,27145,106034,125938,138835,103651,80567,63351,55696,58641,140935,74348,155933,77140,138951,98200,41000,66680,94470,81196,97107,146717,191997,105616,69376,76556,84142,94509,77971,75366,148492,83925,50908,43443,69105,68250,112125,290291,281976,173971,88310,57523,57215,68098,61749,102266,114841,109810,77054,86602,105616,84787,61794,90398,86971,86350,105305,91958,100307,72847,107758,87807,141952,198306,6568,60559,85993
14700 SUSAN MARIE WAY WOODBINE MD 21797-8614 USA ,54872,73345,62488,81488,40233,47683,35643,61248,33804,153479,115621,87185,49142,45294,113466,32302,60821,30352,175556,49876,78946,42316,31884,55668,40973,46030,192555,71255,86135,33632,42446,,43621,56401,66666,91159,110312,119515,88025,59649,67826,38563,30703,101048,34461,136613,49151,119631,78880,25994,47458,54583,41309,57220,127397,172677,86296,59918,36669,44255,54622,38084,35479,129172,62799,35868,28436,60414,33055,72238,250403,242089,154651,67184,38030,40838,52123,23254,62379,74954,69923,45687,65475,86296,65467,23375,50511,47084,46463,65418,65523,80987,61261,67871,47920,181152,237505,36896,99759,66673
1200 BURGUNDY ST BALTIMORE MD 21230-4567 USA ,41401,54506,51530,41215,58286,37392,24087,20975,20897,134641,81887,57460,73174,69326,73193,32018,30380,57088,147529,32504,60108,39197,20777,10327,6273,6689,232255,53883,57147,71040,82146,41930,,16128,106366,72321,92940,85106,70653,42278,56868,60269,52022,60775,10834,117775,35664,85222,60042,65693,43387,29464,19948,32580,108559,144651,58097,48960,22986,17492,8620,25178,7338,110334,45427,60357,68136,49456,40859,42512,220678,212363,120917,49812,59430,59435,48426,53308,20293,45228,39482,34729,48104,58097,46629,56777,18302,14874,3290,23172,48152,62149,50303,37430,15711,220852,277205,76595,139459,47835
1430 MERRITT BLVD DUNDALK MD 21222-2158 USA ,54287,67392,64363,31434,65837,47589,36919,10499,33729,147527,89133,64706,86007,82159,63412,44850,38267,71911,154776,45390,72994,52030,33609,15920,14048,15031,245087,66769,64393,83872,94978,54762,15641,,119198,85207,105826,92353,83539,55163,69700,73102,64855,50994,24575,130661,48550,92468,72928,78526,56219,30343,32834,23046,121445,151897,65344,61792,35818,34966,15639,39802,20171,123220,58313,73189,80969,62288,53691,49758,227924,219609,128163,62698,72263,72267,61258,68132,12718,52474,47370,47562,60989,65344,59515,69610,23156,22121,16950,11062,61038,75034,63135,45318,20282,233684,290038,89428,152291,60720
101 SOARING EAGLE LN KEEDYSVILLE MD 21756-1215 USA ,100655,116648,92062,145359,94331,123418,99514,125119,97675,196783,158925,138105,70107,71879,177337,96173,124692,83362,218859,103576,122250,97000,95755,119539,104844,109901,138736,116365,136723,65089,27149,67209,107492,120272,,130018,149921,162819,127634,104551,87335,79680,82625,164919,98332,179917,101124,162934,122184,64984,90664,118454,105180,121091,170701,215981,129600,93359,100540,108126,118493,101955,99350,172476,107909,74892,67427,93089,92234,136109,314274,305959,197955,112294,81507,81199,92082,85733,126250,138825,133794,101038,110585,129600,108771,85777,114382,110954,110334,129288,115941,124290,96831,131742,111791,127332,183686,31783,45939,109976
3043 BRINKLEY RD TEMPLE HILLS MD 20748-6104 USA ,35711,23907,47187,107385,120268,108623,86069,89201,82879,75745,48845,40936,72792,66528,139362,65984,71901,119070,97822,40654,11791,56001,64753,81094,77040,69115,257077,28617,30974,71708,106944,89176,71452,84355,131188,,29980,52739,7693,34248,52525,55926,62243,126944,83327,58880,43814,52854,11229,84383,48362,103658,55224,98762,49664,94943,24784,44617,64654,93331,79387,87160,73364,51438,30552,60206,82810,45112,54303,53855,232018,223703,87875,27344,55087,55092,44083,104678,88520,56571,64561,51533,27935,24784,28482,66998,73595,68243,73952,89353,29746,15723,45959,61972,71005,245673,302027,104628,164281,28810
2700 BASINGSTOKE LN BRYANS ROAD MD 20616-7002 USA ,60962,49157,51682,132635,145519,133873,111319,114452,108130,63417,65651,66187,91924,85659,164613,91235,97152,144321,89310,65905,44654,81251,90004,106345,102290,94365,276208,47872,47391,90840,126076,114427,96703,109605,150319,28696,,69544,23772,59499,77775,79084,87494,152195,108577,46552,69064,69660,45734,103514,73612,128909,80474,124012,37336,82615,41526,69867,89904,118581,104638,112410,98615,25555,49807,79337,101941,70363,79554,79105,257269,248954,78282,46599,80338,75199,69333,129928,113770,81822,89812,76783,47190,41526,53733,92249,98846,93493,99203,114604,54997,40973,50342,87222,96255,264805,321159,123759,183412,54061
2301 BEAVER DAM RD CHESAPEAKE BEACH MD 20732-4301 USA ,63701,51897,75177,117869,133894,122249,99695,98093,96505,70676,11077,31971,103590,97325,149846,93974,62802,132696,72226,68644,47056,83991,92743,95004,90949,79665,287874,65140,32040,102506,137742,117166,85362,91731,161985,53867,78486,,56199,62239,80515,83916,90234,137428,96953,53897,71804,116,48136,115180,76352,117284,74195,109245,44680,69347,29720,72607,92644,106957,93296,100786,87151,57772,63843,91003,109937,73103,82293,44675,222919,214604,45613,64255,83077,83082,72073,128916,97569,45884,55463,79523,60073,29720,56472,94989,76007,72671,87861,99837,46216,43375,73950,52873,79077,276471,332825,135425,195078,56800
534 WILSON BRIDGE DR OXON HILL MD 20745-1864 USA ,40259,28454,30979,111933,124816,113171,90617,93749,87427,80293,53393,45484,71221,64956,143910,70532,76449,123618,102370,45202,23951,60549,69301,85642,81588,73663,255506,27169,35522,70137,105373,93724,76000,88903,129617,7993,23420,57287,,38796,57072,58381,66791,131492,87875,63428,48362,57402,25031,82812,52910,108206,59771,103309,54211,99491,29332,49165,69201,97878,83935,91708,77912,43013,29104,58635,81238,49660,58851,58403,236566,228251,92423,25897,59635,54496,48631,109225,93067,61119,69109,56081,26488,29332,33030,71546,78143,72790,78500,93901,34294,20271,29639,66519,75553,244102,300456,103056,162709,33358
101 RESEARCH RD GREENBELT MD 20770-1762 USA ,5213,17662,17195,79513,95593,83948,61394,67487,58204,97796,59939,39119,45608,39343,111490,38482,49674,94395,119873,12553,23263,26009,35395,59291,55869,41243,229892,16525,37737,44524,79760,61674,43580,62640,104003,35477,60096,63832,37809,,22533,25934,32252,99072,58652,80931,12364,63948,23197,57198,18370,78983,27352,70890,71715,116994,30614,14625,34662,68656,58217,62485,48672,73489,8069,33021,51955,15121,24311,39511,217674,209359,98969,10318,25095,25100,14091,77175,66805,42227,50217,21541,10745,30614,9784,37007,45723,40371,52702,61481,16955,25304,15968,47628,43133,218489,274843,77443,137096,10990
7201 CONNECTICUT AVE CHEVY CHASE MD 20815-4931 USA ,18576,34569,6265,94416,103046,91400,68846,74939,65657,114704,76846,56026,29317,23052,126394,45934,67425,82163,136780,32070,40171,24724,42847,66744,63322,59810,213602,14622,54644,28233,63469,69127,57312,70093,87713,52384,77004,80740,54717,22472,,9644,12745,113976,66104,97838,26178,80855,40105,40908,18123,86436,47913,85793,88622,133902,47521,11280,42115,76108,65669,69937,56124,90397,25830,16731,39334,11010,22607,56418,234581,226267,115876,30215,8317,8809,10003,84628,74258,59135,67125,28994,28506,47521,26692,21174,64291,58122,60155,76384,33863,42212,9622,64535,61700,202198,258552,61153,120805,27897
11800 OLD GEORGETOWN RD ROCKVILLE MD 20852-2657 USA ,22793,38786,14199,98632,84717,95617,73063,79155,69873,118920,81062,60243,20887,14628,130610,37047,71642,73749,140997,36286,44387,21689,47063,70960,67538,64026,205187,38502,58860,19811,55054,38338,61528,74309,79298,56601,76952,84956,54665,26688,9473,,8242,118192,70321,102054,30394,85072,44321,32493,12593,90652,52129,90009,92838,138118,51737,15497,46331,80324,69885,74154,60341,94613,30047,4777,30915,15226,16923,60635,238798,230483,120092,34431,2414,1907,14219,58870,78474,63351,71341,33210,32723,51737,30908,17997,68507,62338,64371,80600,38079,46428,18969,68751,65916,193784,250137,52738,112391,32114
14345 GEORGIA AVE SILVER SPRING MD 20906-2758 USA ,28112,46585,14293,92287,68106,82166,58262,72811,56423,126719,88862,68042,25116,21269,124265,35605,65297,58224,148796,26799,52186,15414,38902,64615,61194,57681,208362,46302,66659,22982,58230,30594,55184,67964,82473,64400,89019,92755,66732,34487,13397,8494,,111847,57080,109854,24347,92871,52120,26197,13887,77202,45784,79839,100637,145917,59537,14496,39986,66874,63541,60703,53996,102412,37846,7271,22373,14818,10762,68946,246597,238282,127891,42230,7961,10339,11362,51126,72129,71662,79140,24261,40522,59537,38707,8628,62162,55994,58026,74256,45878,54227,24669,76551,59571,196959,253313,55913,115566,39913
3846 FLAG CT ABERDEEN PROVING GROUND MD 21005-1768 USA ,99704,112809,111147,19199,96945,78698,72362,46907,72138,192944,135398,110971,132791,128943,21167,91635,84532,103020,201040,90807,118410,98814,80393,59254,56643,61295,291871,112186,110658,130656,141762,101546,62425,52196,165982,130624,151243,138617,128956,100580,116484,119886,111639,,71359,176078,93967,138733,118345,125310,103003,61452,78251,54155,166862,198162,111608,108576,82602,66075,60893,70911,66955,168637,103730,119973,127753,109072,100475,96023,229140,251418,174428,108115,119047,119051,108042,99240,51040,98739,93634,94346,106406,111608,104932,116394,69420,68385,56203,45472,106454,120451,109919,91582,66546,280468,336822,136212,199075,106137
4501 WAKEFIELD RD BALTIMORE MD 21216-1185 USA ,52173,65754,59789,50920,45406,33761,2871,30680,7679,145888,92865,68437,75165,71317,82898,25727,41358,44208,158507,43751,71355,40352,25310,10178,7788,24799,223444,65130,68125,73030,73335,33119,10142,25834,97555,83569,104188,96084,81901,53525,65127,68528,54012,70480,,129022,46453,96200,71289,56882,45494,28797,31195,13565,119806,155629,69075,57219,31245,8771,8183,4439,5183,121581,56675,62347,59325,57715,42013,53490,231655,223340,131895,61059,57112,67694,50158,40428,13891,56206,50460,42989,59351,69075,57876,51945,29279,25852,9785,39631,59399,73396,58562,48408,26689,212040,268394,67784,130648,59082
27600 MECHANICSVILLE RD MECHANICSVILLE MD 20659-4241 USA ,80609,68805,92085,152283,165166,153521,130967,134099,127777,21244,47226,71964,120497,114233,184260,110882,106232,163968,43321,85552,64301,100899,109651,125992,121938,114013,304782,82048,61296,119413,154650,134074,116350,129253,178893,55087,46566,53619,62457,79146,97423,100824,107141,171842,128225,,88712,53735,62667,132088,93260,148556,100122,143660,10105,40442,55431,89515,109552,138229,124285,132058,118262,22002,80751,107911,126845,90010,99201,82033,266349,258034,38651,81162,99985,99990,88981,149576,133418,90902,98892,96431,76981,55431,73380,111896,118493,100385,118850,134251,74644,60621,90857,96303,115903,293379,349732,152333,211986,73708
7808 BRAYGREEN RD LAUREL MD 20707-5165 USA ,8287,27225,22184,75172,83802,72156,49602,55695,46413,107359,69501,40208,43314,39466,107150,26691,43725,82604,129436,4510,32826,12275,23603,47500,44078,35294,226560,26601,37545,41179,76427,49883,38068,50849,100671,45040,65659,73395,43372,12362,27521,30923,22162,94732,46860,90493,,73511,32760,53866,13527,67192,21403,66549,81277,126557,40176,19614,22871,56864,46425,50693,36881,83052,18146,30497,41865,20109,14222,44230,222396,214081,108531,22530,30084,30088,19080,65384,55014,46946,54939,7807,20822,40176,19347,26917,39775,34422,40911,57140,20870,34867,20956,52350,37184,215156,271510,74111,133763,20553
2600 BEAVER DAM RD CHESAPEAKE BEACH MD 20732-4306 USA ,63817,52013,75293,117984,134010,122364,99810,98208,96621,70792,11193,32086,103705,97441,149962,94090,62918,132812,72341,68760,47172,84107,92859,95119,91065,79780,287990,65256,32156,102621,137857,117282,85477,91846,162101,53983,78602,116,56315,62354,80630,84032,90349,137544,97068,54012,71920,,48252,115296,76468,117400,74311,109361,44796,69463,29836,72723,92760,107072,93412,100901,87266,57888,63959,91119,110052,73218,82409,44791,223035,214720,45729,64370,83193,83197,72189,129032,97685,46000,55578,79639,60189,29836,56588,95104,76123,72787,87977,99952,46331,43491,74065,52989,79193,276587,332940,135541,195194,56916
4917 FABLE ST CAPITOL HEIGHTS MD 20743-3918 USA ,24712,6473,36188,92643,105526,93881,71327,74460,68137,78738,44416,29594,64601,58336,124621,51243,57120,104328,100815,25912,4485,45002,50012,66353,62298,54373,248885,10965,26545,63517,98753,74435,56711,69613,122996,11222,44901,48310,22614,23250,41526,44927,51244,112203,68585,61873,29072,48426,,76191,37363,88917,40482,84020,52657,97936,20355,33618,46569,78589,64645,72418,58622,54431,12900,52014,70948,34114,43304,39074,217237,208923,83446,9692,44088,44093,33084,89936,73778,41791,49781,40534,10283,20355,17483,55999,58854,53501,59211,74611,15921,5038,20458,47191,56263,237482,293836,96436,156089,17811
10500 NICKELBY WAY DAMASCUS MD 20872-2712 USA ,54929,70922,46335,104560,53309,82619,58715,84319,56875,151057,113199,92379,24381,26153,136537,55373,83892,42340,173133,57850,76523,34322,54956,78740,64044,69102,187689,70639,90997,15699,37556,26410,66692,79473,61800,84292,104195,117093,81908,58824,41609,33954,27489,124119,57533,134191,55397,117208,76458,,44938,77654,64380,80292,124975,170255,83874,47633,59740,67327,77694,61156,58551,126749,62183,29166,4166,47363,31839,95309,270934,262619,152229,66568,35780,35473,46356,44711,85450,98025,92995,55312,64859,83874,63044,20027,73582,70155,69535,88489,70215,78564,51105,90943,70992,176286,232639,36498,94893,64250
1201 SMITH VILLAGE RD SILVER SPRING MD 20904-3135 USA ,11513,31648,14093,82036,83803,72158,48254,62559,46414,111783,73925,53105,33004,29156,114013,25596,55045,64453,133859,16547,37249,12385,28893,54364,50942,47430,216250,31365,51723,30869,66117,36823,44932,57712,90361,49463,74082,77818,51795,19550,18178,12583,10164,101595,47072,94917,14095,77934,37184,43556,,67194,35533,69831,85701,130981,44600,12988,25637,56866,53289,50695,43744,87475,22909,20187,31555,12091,7619,53497,231660,223345,112955,27293,12051,14429,9343,64618,61877,56213,64204,14252,25585,44600,23770,16607,51910,45742,47774,64004,30941,39290,14142,61614,49320,204846,261200,63801,123454,24976
603 CRANBROOK RD COCKEYSVILLE MD 21030-3809 USA ,73617,87198,81234,40836,35079,16831,23540,24581,23316,167332,114309,89881,96292,92444,51658,46854,62802,42123,179951,65195,92799,61479,46437,15125,24676,38713,244571,86575,89569,94157,94462,54246,28507,29870,118682,105013,125632,117528,103345,74969,86571,89973,75140,60396,25034,150467,67897,117644,92733,78010,66621,,52639,12888,141250,177073,90519,78663,52689,17253,19618,22088,35997,143025,78119,83475,80452,79159,63140,74934,253100,244785,153339,82503,89133,89138,78129,38343,20107,77650,71904,64433,80795,90519,79320,73073,50723,47296,26574,23146,80843,94840,80006,69852,48133,233168,289521,88912,151775,80526
1622 HARDWICK CT HANOVER MD 21076-1983 USA ,26159,39264,43628,55617,68500,56855,34301,37433,31111,119398,73644,49217,65272,61424,87594,23867,22525,67302,141475,17262,44865,31295,12625,29326,25272,17347,232003,38641,48904,63137,81894,41678,19684,32587,106114,57079,77698,76864,55411,27035,48966,52367,44120,75176,31559,102533,20421,76979,44799,65441,35485,51890,,46994,93317,138596,49855,41058,15084,41563,27619,35392,23077,95091,30185,52455,53533,41553,32957,34269,212435,204120,112674,34569,51528,51533,40524,62210,36752,36986,31628,26827,32861,49855,31386,48875,16558,13222,22184,37585,32909,46906,42401,29576,19628,220599,276953,76343,139206,32592
6600 LOCH HILL RD LOCH HILL MD 21239-1644 USA ,70235,83340,81688,33950,50848,32600,12801,17694,26041,163475,105929,81502,103332,99484,65927,49579,55063,56922,171572,61338,88942,64203,49162,5340,7909,31827,247296,82717,81189,101198,97187,56971,12858,22984,121407,101155,121774,109149,99487,71112,87026,90427,82180,53509,13816,146609,64498,109264,88876,80734,69346,13545,48782,,137393,168693,82140,79118,53144,11850,7379,11349,15613,139168,74261,90515,83177,79614,65865,66554,244720,236405,144959,78646,89588,89593,78584,53143,4789,69270,64165,64887,76938,82140,75463,75797,39952,38917,10115,16260,76986,90983,80461,62114,37077,235892,292246,91636,154499,76669
37740 INDIAN CREEK DR CHARLOTTE HALL MD 20622-3154 USA ,71309,59505,82785,142983,155866,144221,121667,124799,118477,26973,37926,62664,111197,104933,174960,101582,96932,154668,49050,76252,55001,91599,100351,116692,112638,104713,295482,72748,51996,110113,145349,124774,107050,119953,169593,45787,37266,44319,53157,69846,88123,91524,97841,162542,118925,10108,79412,44435,53367,122788,83960,139256,90822,134360,,46171,46131,80215,100252,128929,114985,122758,108962,16149,71451,98611,117545,80710,89901,72733,257049,248734,44381,71862,90685,90689,79681,140276,124118,81602,89592,87131,67681,46131,64080,102596,109193,91085,109550,124951,65344,51321,81557,87002,106603,284079,340432,143033,202686,64408
21700 GALATEA ST LEXINGTON PARK MD 20653-2551 USA ,116616,104812,128092,175395,201173,189528,166974,155619,163784,27480,62868,91562,156505,150240,207373,146889,122393,199975,7431,121559,100309,136906,145659,162000,157945,150020,340789,118055,91032,155421,190657,170082,152358,149257,214901,91094,82574,69261,98465,115154,133430,136831,143149,194955,164232,40452,124719,69377,98675,168096,129267,184564,136129,166772,46112,,88712,125522,145559,174236,160292,168065,154269,58009,116759,143918,162852,126018,135208,104266,282510,274195,24249,117170,135992,135997,124988,185583,155096,105475,115054,132438,112988,88712,109387,147904,133533,130198,154857,157363,105207,96628,126865,112464,136604,329386,385740,188340,247993,109716
PO BOX 1201 UPPER MARLBORO MD 20773-1201 USA ,31754,18345,43230,90402,106427,94782,72228,70626,69038,72336,26088,18497,71642,65378,122379,62027,51051,105229,91730,36697,16000,52044,60796,67537,63482,52198,255927,33193,6115,70558,105794,85219,57895,64264,130038,25916,50536,29982,28249,30291,48567,51969,58286,109961,69486,55470,39857,30097,20185,83233,44405,89817,51267,81778,46254,88852,,40660,60697,79490,65829,73319,59684,48029,31896,59056,77989,41155,50346,26852,211168,202853,65118,32307,51130,51134,40126,101449,70103,35721,43712,47576,23052,0,24525,63041,48540,45205,60394,72370,17075,15425,42002,41122,51610,244524,300877,103478,163131,24853
8811 GLENVILLE RD SILVER SPRING MD 20901-3859 USA ,11081,27074,3333,86921,95550,83905,61351,67444,58161,107209,69351,48531,35392,29127,118898,38439,59930,94352,129285,24575,32675,18396,35352,59249,55827,52315,219677,10154,47149,34308,69544,61631,49817,62597,93788,44889,69508,73245,47221,14977,12317,15719,14104,106480,58609,90343,18683,73360,32610,46983,11796,78941,40418,78298,81127,126407,40026,,34619,68613,58174,62442,48629,82901,18335,22806,45410,1431,16279,48923,227086,218771,108381,22720,14880,14884,3590,77133,66762,51640,59630,21499,21011,40026,19197,25268,56795,50627,52659,68889,26367,34716,3878,57040,54205,208273,264627,67228,126880,20402
8601 ROBERT FULTON DR COLUMBIA MD 21046-2573 USA ,28621,47093,36237,61428,70058,58413,35859,41951,32669,127228,89370,61222,57881,54033,93406,12356,34438,68860,149304,23913,52694,23904,5541,33756,30334,26822,227329,46810,60172,55746,77220,37004,24324,37105,101440,64908,89527,93264,67240,34996,41574,44976,36729,80988,30823,110362,22900,93379,52629,45348,28094,53448,14925,52805,101146,146426,60045,33667,,43120,32682,36950,23137,102920,38354,45064,40584,34162,25566,46274,224440,216125,128400,42739,44137,44141,33133,52055,41270,48991,43540,19436,41030,60045,39216,28416,31303,25134,27167,43397,39560,54735,35009,41488,28712,215925,272279,71669,134532,40421
6606 SHELRICK PL BALTIMORE MD 21209-2641 USA ,62410,75991,70027,44535,44189,29120,6451,28279,12109,156125,103102,78674,85085,81237,76512,35647,51595,42991,168744,53988,81592,50272,35230,9125,11388,35036,233364,75368,78362,82950,83255,43039,15218,33568,107475,93806,114425,106321,92138,63762,75364,78766,63933,64094,8308,139260,56690,106437,81526,66803,55414,16010,41432,18647,130043,165866,79312,67456,41482,,8533,5000,12300,131818,66912,72268,69245,67952,51933,63727,241893,233578,142132,71296,77926,77931,66922,39211,12299,66443,60697,53226,69588,79312,68113,61866,39516,36089,13286,26844,69636,83633,68799,58645,36926,221961,278314,77705,140568,69319
230 STONY RUN LN BALTIMORE MD 21210-3062 USA ,54273,62180,61890,39412,55379,29179,8645,23157,23299,142314,94767,70340,83534,79686,71390,46838,43260,54181,160409,40178,67781,49557,31136,3214,2427,16190,244554,61557,70027,81399,94445,54230,7808,14826,118665,79995,100614,97986,78327,49951,67227,70629,62381,58972,7971,125449,48553,98102,67715,77993,53746,21251,27622,7577,116233,157531,70977,59319,33345,8462,,9514,10050,118007,53101,70716,80436,59815,51218,55392,233558,225243,133797,57485,69789,69794,58785,50401,6928,58108,52362,45089,55777,70977,54302,67136,31182,27754,6566,13337,55825,69822,60662,50310,28591,233151,289505,88895,151758,55508
5700 REISTERSTOWN RD BALTIMORE MD 21215-3422 USA ,57143,70723,64759,49626,44386,29029,2081,33370,6660,150857,97834,73407,79817,75969,81603,30380,46327,43188,163476,48721,76324,45004,29962,9537,11141,29768,228096,70100,73094,77682,77987,37772,14971,38660,102207,88538,109157,101053,86870,58494,70096,73498,58665,69185,4494,133992,51422,101169,76258,61535,50146,21101,36164,11136,124776,160598,74044,62188,36214,4171,9088,,8352,126550,61644,67000,63978,62684,46666,58459,236625,228310,136864,66028,72659,72663,61654,39409,12711,61175,55429,47958,64320,74044,62845,56598,34249,30821,13038,31936,64368,78365,63531,53377,31658,216693,273047,72437,135300,64051
3704 W SARATOGA ST BALTIMORE MD 21229-2979 USA ,42620,55784,50237,46548,50282,38637,7386,26308,12894,135918,83114,58687,71880,68033,78526,26809,31607,49085,148756,33782,61385,37904,19483,12580,8526,12890,224526,55161,58374,69746,74417,34201,6739,21461,98637,73599,94218,86333,71931,43555,55574,58976,50728,66108,5437,119053,36900,86449,61319,57965,42093,33673,23056,15851,109837,145878,59324,47666,21692,12565,10520,9325,,111611,46705,59063,60408,48162,39565,43739,221905,213590,122144,51089,58136,58141,47132,45305,13935,46455,40709,33436,49381,59324,47906,55483,19529,16101,6382,28505,49429,63426,49009,38657,16938,213123,269477,68867,131730,49112
10910 CHARLES ST LA PLATA MD 20646-6422 USA ,72850,61046,84326,144524,157407,145762,123208,126340,120018,38781,51375,64205,112738,106474,176501,103123,98473,156209,60857,77793,56542,93140,101892,118233,114179,106254,297023,74289,53537,111654,146890,126315,108591,121494,171134,47328,25604,57768,43048,71387,89663,93065,99382,164083,120466,21915,80953,57884,54908,124329,85501,140797,92363,135900,16149,57979,47672,81756,101793,130470,116526,124299,110503,,72992,100152,119085,82251,91442,74274,258590,250275,56188,73403,92226,92230,81222,141817,125659,83143,91133,88672,69222,47672,65621,104137,110734,92626,111091,126492,66885,52862,83098,88543,108144,285620,341973,144574,204227,65949
6357B 64TH AVE RIVERDALE MD 20737-1531 USA ,10499,12535,11428,81851,94735,83089,60535,63668,57346,98024,60166,35300,50387,44123,113829,40451,52012,93537,120100,15121,13655,30789,39220,55561,51506,43581,234672,10257,33918,49303,84539,63643,45919,58821,108783,29454,49314,64060,27027,9036,27312,30714,37031,101411,57793,81158,18280,64175,12319,61978,23150,78125,29690,73228,71942,117222,30841,19405,35777,67797,53854,61626,47831,73716,,37801,56734,19900,29091,35692,213855,205540,99196,4429,29875,29879,18871,79144,62986,38408,46399,26321,4477,30841,3830,41786,48062,42709,48419,63820,13136,25531,9038,43809,45471,223269,279622,82223,141876,11217
611 ROCKVILLE PIKE ROCKVILLE MD 20852-6204 USA ,29970,45963,21376,97581,73399,87460,63556,78104,61716,126098,88240,67420,14330,9190,129558,40898,70590,69333,148174,32093,51564,20707,44195,69909,66487,62975,200771,45680,66038,15395,50639,35888,60477,73257,74883,59333,79236,92133,56949,33865,16650,4788,7257,117140,62374,109232,29640,92249,51499,28078,19180,82495,51078,85133,100016,145296,58915,22674,45279,72168,68834,65997,59289,101790,37224,,21365,22404,18225,67812,245975,237660,127270,41608,6725,6081,21397,56419,77422,70528,78519,29554,39900,58915,38085,14400,67455,61287,63319,79549,45256,53605,26146,75929,64865,189368,245722,48322,107975,39291
23600 ELI LN GAITHERSBURG MD 20882-3022 USA ,49512,67984,43437,106884,55633,84943,61039,86643,59199,148119,110261,89441,21954,21178,138861,35107,72251,44664,170195,48199,73586,30498,57280,81063,66368,71425,194481,67701,88059,12571,44372,28734,69016,81797,68592,81393,101297,114155,79010,55887,38711,31055,23664,126443,59857,131253,45746,114270,73520,4166,35287,79978,52739,82616,122037,167317,80936,44735,40502,69651,80018,63480,60875,123812,59245,21425,,44464,28015,76070,254236,245921,149291,63630,32882,32574,41270,47035,87774,78786,86779,45660,61921,80936,60107,16203,75906,72479,71859,90813,67277,75626,48206,84190,73316,183078,239431,38821,101685,61312
8401 MANCHESTER RD SILVER SPRING MD 20901-6000 USA ,11580,27573,2064,87420,96050,84404,61850,67943,58661,107708,69850,49030,35330,29066,119398,32180,60429,94852,129784,25074,33175,18908,35851,59748,56326,52814,219615,10306,47648,34246,69482,62131,50316,63097,93726,45388,70008,73744,47721,15476,8441,15657,14457,106980,59108,90842,19182,73859,33109,46921,12308,79440,40917,78797,81626,126906,40525,1460,35119,69112,58673,62941,49129,83401,18834,22744,45348,,16792,49422,227586,219271,108880,23219,14818,14822,3968,77632,67262,52139,60129,21998,21511,40525,19696,25780,57295,51126,53159,69388,26867,35216,3353,57539,54704,208211,264565,67166,126819,20901
2001 CRADOCK ST SILVER SPRING MD 20905-4207 USA ,14031,36632,18405,79341,79518,67873,43969,59864,42129,116766,78908,58089,34355,30507,111319,21311,52350,60828,138843,16846,42233,4660,24608,51669,48247,44735,217601,36349,56706,32220,67468,33198,42237,55018,91712,54447,79066,82802,56779,24534,22490,16896,10773,98901,42787,99901,14394,82918,42167,44907,7672,62909,32838,65546,90684,135964,49584,17300,21352,52581,50594,46410,41049,92459,27893,19083,27992,16403,,56921,235087,226772,117938,32277,16363,18741,13655,53730,59182,59637,67630,9968,30569,49584,28754,13108,49216,43047,45080,61309,35925,44274,18454,65040,46625,206197,262551,65152,124804,29960
2705 RIVA RD ANNAPOLIS MD 21401-7203 USA ,40173,37509,51650,74921,90946,79301,56747,55145,53557,99569,41641,14415,80062,73797,106898,49231,21725,89748,107283,40633,43110,54153,44142,52056,48001,36717,264916,41267,26468,78978,114807,74591,42414,48783,139027,55324,79943,44860,57656,38711,56987,60389,66978,94480,54005,82703,43793,44975,43045,91653,52824,74337,31247,66298,73487,104405,27418,49079,44557,64009,50349,57838,44203,75262,35636,67475,76453,49575,55815,,181842,173527,80670,40381,59549,59554,48545,85968,54622,5548,14385,49685,36200,27418,32944,71733,33059,29724,44914,56889,32404,45151,50422,11795,36129,253512,309866,109256,172119,33273
300 BROAD ST BERLIN MD 21811-1020 USA ,217341,214677,228818,240493,268124,256478,233924,232322,230735,283282,221685,200210,257230,250965,228006,226408,185476,266926,287327,217810,220278,231330,221319,229233,225179,201836,442093,218435,210181,256146,291984,251768,219591,225960,316204,232492,257111,224904,234824,215879,234155,237557,243874,230420,231182,266416,220970,225020,220213,268821,229992,251514,208425,243475,257200,284449,211131,226247,221734,241186,227526,235015,221380,258975,212804,244643,253630,226743,232992,182309,,55936,260714,217549,236717,236722,225713,263146,231799,180403,170670,226862,213368,211131,210112,248629,194681,206901,222091,234066,209572,222319,227590,175547,196879,430689,487043,286433,349296,210441
30630 UMES BLVD PRINCESS ANNE MD 21853-3044 USA ,209882,207217,221358,244638,260664,249018,226464,224862,223275,275822,214225,192751,249770,243505,242200,218948,178016,259466,279867,210350,212819,223871,213859,221773,217719,194376,434633,210975,202721,248686,284524,244308,212131,218500,308744,225032,249652,217444,227365,208419,226695,230097,236414,244613,223722,258956,213510,217560,212753,261361,222532,244054,200965,236015,249740,276989,203671,218787,214274,233726,220066,227555,213920,251515,205344,237184,246170,219283,225532,174850,55446,,253255,210089,229258,229262,218253,255686,224339,172943,163210,219403,205908,203671,202653,241169,187221,199441,214631,226606,202112,214859,220130,168087,189420,423229,479583,278973,341836,202981
12001 HG TRUEMAN RD LUSBY MD 20657-2900 USA ,100393,88588,111869,153095,169120,157475,134921,133319,131731,25606,40568,69261,140281,134017,185073,130666,100093,167922,27155,105336,83747,120683,129435,130230,126176,114891,324566,101832,68732,139197,174433,153858,120588,126957,198677,90559,78209,46961,92891,98930,117206,120608,126925,172655,132179,38578,108496,47077,84828,151872,113044,152511,119905,144472,44237,24277,66412,109299,129336,142183,128523,136012,122377,56135,100535,127695,146628,109794,118985,81966,260210,251895,,100946,119769,119773,108765,164143,132796,83175,92754,116215,96765,66412,93164,131680,111233,107898,123088,135063,82907,80067,110641,90164,114304,313162,369516,172117,231770,93492
4800 WEBSTER ST BLADENSBURG MD 20710-1124 USA ,11736,10725,11113,86772,99656,88010,65456,68589,62267,99187,61329,40525,55308,49044,118750,45372,56933,98458,121263,20042,10603,35710,44141,60482,56427,48502,239593,3213,39143,54224,89460,68564,50840,63742,113704,26403,46262,65223,23975,10273,32233,35635,41952,106332,62714,82321,23201,65338,9267,66899,28071,83046,34611,78149,73105,118385,24374,10964,40698,72718,58775,66547,52752,74879,4409,42722,61655,11834,34012,40917,219080,210765,100359,,34796,34800,23792,84065,67907,43633,51623,31242,1439,24374,6759,46707,52983,47630,53340,68741,18361,26694,8724,49034,50392,228190,284543,87144,146797,16036
11409 SCHUYLKILL RD ROCKVILLE MD 20852-2460 USA ,22101,38094,10601,97941,94690,83045,59141,78464,57301,118228,80371,59551,22788,16530,129918,36483,70950,65703,140305,35594,43695,21125,46372,70269,66847,63335,207088,37811,58169,21712,56956,38073,60837,73617,81200,55909,82212,84264,59925,25996,8537,2425,7678,117500,57959,101363,29703,84380,43629,34395,12029,78081,51438,80718,92147,137426,51046,14805,45639,67753,69194,61582,59649,93921,29355,7202,32816,14535,16360,59943,238106,229791,119401,33739,,3199,9839,58604,77782,62659,70650,32518,32031,51046,30216,16107,67815,61647,63679,79909,37387,45736,18277,68060,65225,195685,252039,54639,114292,31422
5601 WHITNEY MILL WAY ROCKVILLE MD 20852-3141 USA ,21882,37875,13288,97722,106351,94706,72152,78245,68962,118009,80152,59332,22753,16488,129699,49240,70731,75599,140086,35375,43476,28029,46153,70050,66628,63115,207037,37592,57950,21669,56905,39692,60618,73398,81148,55690,76058,84045,53771,25777,8562,1877,10928,117281,69410,101144,29484,84161,43410,34343,14400,89741,51219,89098,91928,137207,50827,14586,45420,79414,68975,73243,59430,93702,29136,6131,32770,14316,18730,59724,237887,229572,119181,33520,3166,,13309,60223,77563,62440,70430,32299,31812,50827,29997,19351,67596,61428,63460,79690,37168,45517,18058,67841,65006,195634,251988,54588,114241,31203
321 UNIVERSITY BLVD SILVER SPRING MD 20901-1963 USA ,11832,27824,6666,87671,87661,76015,52111,68194,50272,107959,70101,49281,33826,27561,119649,29454,60680,79102,130035,25325,33426,16182,36102,59999,56577,53065,218111,13973,47899,32742,67978,52974,50567,63348,92222,45639,70259,73995,47972,15727,10751,14153,10618,107231,50929,91093,19433,74111,33360,45417,10130,71051,41168,73688,81877,127157,40776,4226,35370,60723,58924,54552,49380,83652,19085,21240,43844,4722,14065,49674,227837,219522,109131,23470,9147,13318,,68475,67513,52390,60380,18110,21762,40776,19947,19747,57546,51377,53410,69639,27118,35467,7698,57790,54955,206707,263061,65662,125314,21153
3500 NICHOLSON RD WESTMINSTER MD 21157-8238 USA ,70423,88895,78039,78171,23182,31750,37596,61916,33330,169030,124323,99896,69682,65834,110149,52842,72816,13301,189966,65427,94497,57867,52424,50731,51738,56257,215626,86806,99583,54172,65517,23262,53848,67205,89737,106710,125863,127542,103576,75200,83377,59103,51242,97731,39623,152164,64702,127658,94431,42484,63009,38007,62654,52284,142948,187087,100533,75469,52220,39319,49686,38687,46012,144723,78350,56408,44927,75965,53595,84948,263114,254799,163353,82735,58570,61378,67674,,57442,87664,81918,61238,81026,100533,81018,43915,60738,57310,53636,60481,81074,96538,76812,79867,58147,204223,260577,59967,122830,82224
2907 RUECKERT AVE BALTIMORE MD 21214-2563 USA ,57043,70148,67874,29767,55466,37219,14078,13512,30659,150283,92737,68310,89517,85670,61745,48361,41871,61541,158380,48146,75750,55541,37120,5535,6993,18634,251915,69525,67997,87383,101806,61590,20458,13105,126026,87963,108582,95956,86295,57919,73211,76613,68365,49327,13783,133417,51306,96072,75684,85353,59730,19973,35590,4364,124201,155501,68948,65303,39329,12914,7138,12626,14558,125976,61069,76700,87796,65799,57202,53362,231528,223213,131767,65454,75773,75778,64769,57761,,56078,50973,51073,63745,68948,62271,73120,26760,25725,8582,7153,63794,77790,66646,48921,23885,240511,296865,96255,159118,63476
1160 SPA RD ANNAPOLIS MD 21403-1008 USA ,42720,40056,54196,77468,93493,81848,59294,57692,56104,108661,43085,20023,82609,76344,109445,51778,24272,92295,108728,43180,45657,56700,46689,54603,50548,39264,267462,43814,35559,81525,117353,77138,44961,51330,141574,57871,82490,46305,60203,41258,59534,62935,69525,97027,56552,91795,46339,46420,45591,94199,55371,76884,33794,68844,82579,105849,36510,51626,47104,66556,52895,60385,46750,84354,38183,70022,79000,52122,58362,5525,184389,176074,82115,42928,62096,62101,51092,88515,57169,,16932,52232,38747,36510,35491,74280,35606,32271,47460,59436,34951,47698,52969,14342,38676,256059,312413,111803,174666,35819
570 BELLERIVE RD ANNAPOLIS MD 21409-4235 USA ,49804,47140,61280,71946,87971,76326,53772,52170,50582,115744,54147,32673,89692,83427,103923,58870,14245,86773,119789,50272,52741,63793,41174,49081,45026,30604,260552,50897,42643,88608,110443,70227,39439,45808,134663,64955,89574,57366,67287,48341,66617,70019,76336,91505,51030,98879,53432,57482,52675,101283,62455,71362,32087,63323,89662,116911,43593,58710,43633,61034,47373,54863,41228,91437,45266,77106,86093,59205,65454,14772,172455,164140,93177,50012,69180,69184,58176,82993,51647,12866,,59325,45830,43593,42575,81091,23449,26749,41939,53914,42035,54782,60052,5656,25648,249148,305502,104892,167756,42903
6701 WALKER BRANCH DR LAUREL MD 20707-3245 USA ,11915,33587,22731,73616,78833,67188,43284,54139,41444,113721,75864,55044,44354,40506,105594,20626,46626,70274,135798,14072,39188,8277,22047,45944,42522,39010,227599,33304,53662,42219,77467,44146,36512,49293,101711,51402,76021,79757,53734,21489,28068,31470,23201,93176,42102,96856,9746,79873,39123,54906,14566,62223,27113,64860,87640,132919,46539,20160,21315,51895,44870,45725,35325,89414,24848,31536,42905,20656,9939,50275,228440,220125,114894,29232,30631,30635,19626,59647,53458,52991,60984,,27524,46539,25709,27956,43491,37322,39355,55585,32880,41229,21503,58394,40900,216196,272550,75150,134803,26915
5433 TAYLOR ST BLADENSBURG MD 20710-1574 USA ,13216,9393,12424,84568,97451,85806,63252,66385,60063,91580,53723,36475,53104,46839,116546,43168,54729,96253,113657,17837,9981,33506,41937,58278,54223,46298,237389,4221,35093,52020,87256,66360,48636,61538,111500,26634,46493,57616,24206,11753,30029,33431,39748,104128,60510,74715,20997,57732,9499,64695,25867,80842,32407,75945,65498,110778,23041,22122,38494,70514,56571,64343,50547,67273,4825,40518,59451,22617,31808,36867,215030,206715,92752,1438,32592,32596,21588,81861,65703,39583,47573,29038,,23041,6558,44503,50779,45426,51136,66536,14311,19088,10034,44984,48188,225985,282339,84940,144593,11986
PO BOX 121 UPPER MARLBORO MD 20773-0121 USA ,31754,18345,43230,90402,106427,94782,72228,70626,69038,72336,26088,18497,71642,65378,122379,62027,51051,105229,91730,36697,16000,52044,60796,67537,63482,52198,255927,33193,6115,70558,105794,85219,57895,64264,130038,25916,50536,29982,28249,30291,48567,51969,58286,109961,69486,55470,39857,30097,20185,83233,44405,89817,51267,81778,46254,88852,0,40660,60697,79490,65829,73319,59684,48029,31896,59056,77989,41155,50346,26852,211168,202853,65118,32307,51130,51134,40126,101449,70103,35721,43712,47576,23052,,24525,63041,48540,45205,60394,72370,17075,15425,42002,41122,51610,244524,300877,103478,163131,24853
8001 POWHATAN ST NEW CARROLLTON MD 20784-3533 USA ,11109,11245,22585,82783,95666,84021,61467,64600,58277,91379,53522,32702,50998,44733,114761,41382,52944,94468,113456,16052,16846,31399,40151,56493,52438,44513,235282,12289,31320,49914,85150,64574,46851,59753,109393,29060,53679,57415,31392,9647,27923,31324,37642,102343,58725,74514,19212,57531,16780,62588,23760,79057,30622,74160,65298,110577,24197,20015,40052,68729,54785,62558,48762,67072,3820,38411,57345,20511,29701,33094,211257,202942,92551,6769,30485,30490,19481,80076,63918,35810,43800,26931,6510,24197,,42397,48994,43641,49350,64751,8739,18887,11378,41211,46403,223879,280233,82833,142486,4092
18800 ROLLING ACRES WAY OLNEY MD 20832-1323 USA ,31338,49810,27845,87073,60874,77125,53221,67596,51381,129945,92087,71267,27158,23310,119051,22939,60082,50993,152021,30025,55412,15552,31927,73246,55979,52467,210404,49527,69885,17025,60272,23363,49969,62750,84515,67625,92245,95981,69958,37713,21483,16579,8718,106633,52039,113079,27572,96097,55346,19998,17113,72160,40570,74798,103863,149143,62762,36384,28333,61833,72200,55662,53057,105638,41071,14360,16173,25844,13069,63902,242067,233752,131117,45456,16046,19330,23096,43895,66914,66618,74611,20860,43748,62762,41933,,56948,50779,52812,69041,49104,57453,27895,72021,54357,199001,255354,57955,117608,43139
901 DUMBARTON RD GLEN BURNIE MD 21060-7007 USA ,45825,58930,61611,48746,67944,56299,33745,28970,30555,139065,73033,48606,83255,79407,80723,40721,15726,66746,138676,36928,64532,49278,29479,29054,24999,9931,241913,58307,48293,81120,91804,51589,19412,22608,116025,76745,97364,76252,75077,46701,66948,70350,62103,68306,31003,122199,40088,76368,64466,75352,53467,51335,16257,40123,112983,135797,49244,59040,33066,41007,27346,34836,21201,114758,49851,70437,77795,59536,50939,33658,196954,188639,112063,54236,69511,69515,58506,62966,28447,36374,24828,44810,52527,49244,51053,66858,,6251,21911,30714,39407,66572,60383,22777,4975,230510,286864,86254,149117,52258
101 BROADWAY AVE GLEN BURNIE MD 21061-2732 USA ,38230,51335,52570,47102,63128,51482,28928,27326,25739,117617,69255,44828,74214,70366,79080,32808,18389,61930,134898,29333,56937,40237,21567,24237,20183,8480,237097,50712,44515,72079,86988,46772,14595,20964,111208,69150,89769,72475,67482,39106,57908,61309,53062,66662,26186,100751,32493,72590,56871,70535,44427,46518,12479,38479,91535,132019,45466,50000,24026,36190,22530,30019,16384,93309,42256,61397,72978,50495,41899,29880,208046,199731,108285,46641,60470,60474,49466,58150,26803,32596,27491,35769,44932,45466,43458,57817,5797,,17095,29070,35629,58977,51342,25440,8311,225693,282047,81437,144300,44663
16 W MOUNT VERNON PL BALTIMORE MD 21201-5124 USA ,44586,57692,54558,42516,59237,33038,9930,14914,23924,137826,85072,60645,76202,72354,74493,35046,33565,58039,150715,35689,63293,42225,23804,7203,3388,8858,229776,57068,60332,74067,79667,39452,3320,17429,103887,75507,96126,88291,73839,45463,59895,63297,55050,62075,9383,120960,38849,88407,63227,63215,46414,25110,23133,10418,111744,147836,61283,51987,26013,13138,6640,13373,6087,113519,48613,63385,65658,52483,43886,45697,223863,215548,124102,52997,62458,62462,51453,54259,8166,48413,42667,37757,51289,61283,49814,59805,21487,18060,,13527,51337,65334,53330,40616,18896,218373,274727,74117,136980,51020
1 FERNSELL CT ROSEDALE MD 21237-2416 USA ,58479,71585,68555,24304,58706,40459,34123,4439,33899,151719,96992,72565,90199,86351,56281,49043,46126,64781,162634,49582,77186,56222,37801,11392,12174,22889,249280,70961,72252,88064,99171,58955,19834,9728,123391,89400,110019,100211,87732,59356,73892,77294,69047,43863,28767,134853,52742,100327,77120,82718,60412,23212,37026,10065,125637,159756,73202,65985,40011,27836,12995,32671,24363,127412,62506,77382,85161,66480,57884,57617,235783,227468,136022,66890,76455,76459,65451,61001,6699,60333,55228,51754,65182,73202,63707,73802,31014,29979,13064,,65230,79227,67327,53176,28140,237876,294230,93620,156483,64913
4113 GLENN DALE RD BOWIE MD 20720-3579 USA ,16866,11839,28342,84448,97331,85686,63132,66264,59942,92903,43295,23626,56754,50490,116425,43047,32910,96133,108937,17717,17348,37156,41816,58157,54103,46178,241039,18200,21449,55670,90906,66239,48515,61418,115150,30584,55203,47189,32916,15403,33679,37081,43398,104007,60390,76037,20877,47304,18362,68345,29517,80721,32287,75824,66821,106059,17064,25772,38373,70394,56450,64223,50427,68596,12569,44168,63101,26267,35458,27989,206152,197837,82325,17315,36242,36246,25238,81741,65583,30705,38695,32688,13133,17064,8474,48153,38754,35418,51015,66416,,20411,27114,36106,41824,229635,285989,88590,148243,5469
6800 HOLLY BERRY CT DISTRICT HEIGHTS MD 20747-3253 USA ,26831,7983,38307,98505,111388,99743,77189,80321,73999,77844,39660,32069,66719,60455,130482,57104,63021,110190,99921,31774,3931,47121,55873,72214,68160,60235,251004,28270,21789,65635,100871,80296,62572,75475,125115,15525,40144,43553,17857,25368,43645,47046,53363,118064,74447,60979,34934,43669,5038,78310,39482,94778,46344,89881,51762,97042,15599,35737,55774,84451,70507,78280,64484,53537,26973,54133,73067,36232,45423,44975,223138,214823,78689,27384,46207,46211,35203,95798,79640,47691,55681,42653,23203,15599,19602,58118,64715,59363,65072,80473,20866,,37079,53092,62125,239601,295954,98555,158208,19930
7105 NEW HAMPSHIRE AVE TAKOMA PARK MD 20912-5812 USA ,11150,27143,3681,86989,95619,83974,61420,67513,58230,107277,69420,48600,37924,31659,118967,38508,59999,94421,129354,24643,32744,26035,35421,59317,55895,52383,222209,7425,47217,36840,72076,61700,49886,62666,96320,44958,50222,73313,27935,15045,10079,18251,16636,106549,58678,90412,18752,73429,32678,49515,13170,79009,40486,78366,81195,126475,40095,2967,34688,68682,58243,62511,48698,82970,9378,25337,47941,3110,17500,48992,227155,218840,108449,9072,17411,17416,6121,77201,66831,51708,59698,21567,10378,40095,19265,26489,56864,50696,52728,68958,26436,34785,,57109,54273,210805,267159,69759,129412,20471
1482 GRANDVIEW CT ARNOLD MD 21012-2445 USA ,47752,45088,59229,69974,85999,74354,51800,50198,48610,113693,52096,30621,87641,81376,101951,50444,12272,84801,117738,48221,50689,61741,39202,47109,43054,28632,258580,48846,40592,86557,108471,68255,37467,43836,132691,62903,87522,55315,65235,46290,64566,67968,74285,89533,49058,96827,51381,55430,50624,99232,60403,69389,30114,61350,87611,114860,41542,56658,41661,59062,45401,52891,39256,89386,43215,75054,84041,57154,63403,12720,176477,168162,91125,47960,67128,67133,56124,81021,49675,10814,5659,57273,43779,41542,40523,79040,21477,24776,39966,51942,39983,52730,58001,,23676,247176,303530,102920,165783,40852
206 WATER FOUNTAIN CT GLEN BURNIE MD 21060-2479 USA ,41334,54440,57120,45320,63454,51808,29254,25544,26065,134574,75659,51231,78764,74916,77298,36230,16038,62256,141301,32437,60041,44787,24989,27548,20509,5165,237423,53817,50918,76629,87314,47098,14921,19182,111534,72255,92874,78878,70587,42211,62458,65859,57612,64880,26512,117709,35597,78993,59975,70861,48977,46844,19881,36697,108492,138422,51869,54550,28576,36516,22856,30345,16710,110267,45361,65947,73304,55045,46449,36283,197265,188950,114688,49745,65020,65024,54016,58476,25021,39000,25140,40319,48037,51869,46562,62367,3959,4692,17421,27288,42033,62082,55892,23088,,226019,282373,81763,144626,47768
240 N CENTRE ST CUMBERLAND MD 21502-2262 USA ,214780,230773,206186,259484,208456,237543,213639,239243,211799,310907,273050,252230,184232,186004,291461,210297,238816,197487,332984,217701,236374,211125,209880,233664,218968,224026,13548,230490,250848,179214,141665,181334,221617,234397,126346,244142,264046,276943,241759,218675,201460,193805,196750,279043,212457,294042,215248,277059,236308,179108,204789,232578,219304,235216,284826,330105,243725,207484,214665,222251,232618,216080,213475,286600,222034,189017,181551,207214,206359,250233,428399,420084,312080,226418,195631,195324,206207,199858,240374,252950,247919,215162,224710,243725,222895,199902,228506,225079,224459,243413,230066,238415,210956,245867,225916,,58499,145908,83904,224101
300 MEADOW MOUNTAIN TRL SWANTON MD 21561-2416 USA ,270999,286992,262405,315703,264675,293762,269858,295463,268018,367127,329269,308449,240451,242223,347680,266516,295036,253706,389203,273920,292593,267344,266099,289883,275188,280245,57482,286709,307067,235433,197885,237553,277836,290616,182565,300362,320265,333163,297978,274894,257679,250024,252969,335263,268676,350261,271467,333278,292528,235328,261008,288798,275523,291435,341045,386325,299944,263703,270884,278470,288837,272299,269694,342819,278253,245236,237770,263433,262578,306452,484618,476303,368299,282637,251850,251543,262426,256077,296593,309169,304138,271382,280929,299944,279114,256121,284726,281298,280678,299632,286285,294634,267175,302086,282135,58177,,202127,140123,280320
201 MADISON ST FREDERICK MD 21701-6564 USA ,72258,88251,63664,115976,64948,94035,70131,95736,68291,168385,130528,109708,41710,43482,147953,66789,95308,53979,190462,84364,93852,68603,66372,90156,75460,80518,158857,87968,108326,36692,6188,37826,78109,90889,32968,101620,121524,134421,99237,76153,58938,51283,54228,135535,68949,151520,72726,134537,93786,35600,62267,89071,75796,91708,142304,187583,101203,64962,71157,78743,89110,72572,69967,144078,79512,46495,38043,64692,63837,106725,284891,276576,169558,83896,53109,52802,63685,56350,96866,109442,104411,80175,82188,101203,80373,58018,84998,81571,80951,99905,87544,95893,68434,102359,82408,147453,203807,,66060,81579
12101 BIG POOL RD CLEAR SPRING MD 21722-1840 USA ,134032,150025,125438,178736,127707,156795,132891,158495,131051,230159,192302,171482,103483,105256,210713,129549,158068,116739,252236,136953,155626,130376,129132,152916,138220,143278,95798,149742,170099,98466,60917,100586,140868,153649,45598,163394,183298,196195,161011,137927,120712,113057,116002,198295,131709,213294,134500,196311,155560,98360,124041,151830,138556,154468,204077,249357,162977,126736,133916,141503,151870,135332,132727,205852,141286,108268,100803,126466,125610,169485,347651,339336,231331,145670,114883,114576,125459,119110,159626,172201,167170,134414,143962,162977,142147,119154,147758,144331,143711,162665,149318,157667,130208,165119,145168,84395,140748,65160,,143353
9401 DUBARRY AVE LANHAM MD 20706-3013 USA,11216,12007,22692,82889,95773,84127,61573,64706,58384,92142,54284,33464,51104,44839,114867,41489,53050,94575,114218,16159,17609,31505,40258,56599,52545,44619,235389,15950,32082,50020,85256,64681,46957,59859,109500,29822,54442,58178,32155,9753,28029,31431,37748,102449,58831,75276,19318,58294,17543,62695,23866,79163,30728,74266,66060,111340,24959,20121,40158,68835,54892,62664,48869,67835,11358,38518,57451,20617,29808,33857,212020,203705,93314,15065,30592,30596,19587,80182,64024,36573,44563,27037,8222,24959,3766,42503,49100,43747,49457,64858,5540,19650,21464,41973,46509,223985,280339,82940,142592,
